<botcomponent schemaname="cr4c3_medicalEmergencyAssistant.file.new_dhmosh_covid-19_faq.pdf_Y81">
  <componenttype>14</componenttype>
  <description>This knowledge source searches information contained in new_dhmosh_covid-19_faq.pdf</description>
  <filedata mimetype="application/pdf">new_dhmosh_covid-19_faq.pdf</filedata>
  <iscustomizable>0</iscustomizable>
  <name>new_dhmosh_covid-19_faq.pdf</name>
  <parentbotid>
    <schemaname>cr4c3_medicalEmergencyAssistant</schemaname>
  </parentbotid>
  <statecode>0</statecode>
  <statuscode>1</statuscode>
</botcomponent>